{"cameraMode":{"drawMode":0,"name":"Shaded","section":"Shading Mode"},"sceneLighting":true,"audioPlay":false,"sceneViewState":{"showFog":true,"showMaterialUpdate":false,"showSkybox":false,"showFlares":true,"showImageEffects":true,"showParticleSystems":true},"in2DMode":false,"pivot":{"x":-0.02802123874425888,"y":0.26709026098251345,"z":0.7212897539138794},"rotation":{"x":0.14045678079128266,"y":-0.032666586339473727,"z":0.004636757541447878,"w":0.9895368814468384},"size":2.335681438446045,"orthographic":false}