{"cameraMode":{"drawMode":0,"name":"Shaded","section":"Shading Mode"},"sceneLighting":false,"audioPlay":false,"sceneViewState":{"showFog":true,"showMaterialUpdate":false,"showSkybox":false,"showFlares":true,"showImageEffects":true,"showParticleSystems":true},"in2DMode":false,"pivot":{"x":0.5903937220573425,"y":0.0002970695495605469,"z":0.12930285930633546},"rotation":{"x":0.04731963574886322,"y":0.9526644349098206,"z":-0.20934581756591798,"w":0.21533678472042085},"size":2.7119085788726808,"orthographic":false}