{"cameraMode":{"drawMode":0,"name":"Shaded","section":"Shading Mode"},"sceneLighting":true,"audioPlay":false,"sceneViewState":{"showFog":true,"showMaterialUpdate":false,"showSkybox":false,"showFlares":true,"showImageEffects":true,"showParticleSystems":true},"in2DMode":false,"pivot":{"x":0.1736457347869873,"y":-0.12985432147979737,"z":0.9133881330490112},"rotation":{"x":0.16129226982593537,"y":0.001480422099120915,"z":-0.00024195111473090947,"w":0.9869058132171631},"size":2.327789783477783,"orthographic":false}