{"cameraMode":{"drawMode":0,"name":"Shaded","section":"Shading Mode"},"sceneLighting":false,"audioPlay":false,"sceneViewState":{"showFog":true,"showMaterialUpdate":false,"showSkybox":false,"showFlares":true,"showImageEffects":true,"showParticleSystems":true},"in2DMode":false,"pivot":{"x":0.08493363857269287,"y":-0.10777771472930908,"z":1.7965993881225587},"rotation":{"x":0.16385264694690705,"y":-0.4421299993991852,"z":0.08251140266656876,"w":0.8779898285865784},"size":3.2289209365844728,"orthographic":false}